date,product,region,sales,profit
2026-01-05,Laptop,Pune,50000,8000
2026-01-10,Mobile,Mumbai,80000,12000
2026-01-15,Tablet,Pune,40000,6000
2026-01-20,Monitor,Nashik,35000,5500
2026-02-05,Laptop,Mumbai,65000,10000
2026-02-12,Mobile,Pune,70000,11000
2026-02-18,Tablet,Mumbai,45000,7000
2026-02-25,Monitor,Nashik,42000,6500
2026-03-05,Laptop,Pune,75000,13000
2026-03-10,Mobile,Mumbai,90000,15000
2026-03-15,Tablet,Pune,55000,8500
2026-03-20,Monitor,Mumbai,48000,7500
2026-04-05,Laptop,Nashik,70000,12000
2026-04-10,Mobile,Pune,85000,14000
2026-04-15,Tablet,Mumbai,60000,9500
2026-04-20,Monitor,Pune,50000,8000
2026-05-05,Laptop,Mumbai,82000,14500
2026-05-10,Mobile,Nashik,78000,12500
2026-05-15,Tablet,Pune,62000,10000
2026-05-20,Monitor,Mumbai,55000,8500
2026-06-05,Laptop,Pune,90000,16000
2026-06-10,Mobile,Mumbai,95000,16500
2026-06-15,Tablet,Nashik,68000,11000
2026-06-20,Monitor,Pune,58000,9000
